Name,Age,Salary
madhan, 20, 20000
Ilam Nagaraj,56,39450
Kumar Nagaraj,47,57088
Ilam Kumar,31,73133
Ilam Rajan,31,96124
Kadal Muthu,68,24892
Kanavu Dharani,67,48414
Kumar Rajan,35,95430
Rajan Kumar,42,22507
Kalyanam Kumar,29,84566
Anbu Raj,36,82620
Kumar Muthu,50,87948
Arun Dhanesh,45,24015
Arun Dharani,35,28517
Anbu Raj,57,43668
Rajan Kumar,40,85740
Arun Rajan,67,51458
Ilam Santosh,31,85664
Anbu Kumar,51,73867
Kanavu Somu,42,41312
Arvam Dharani,46,48246
Rajan Kumar,65,98844
Rajan Raj,44,83919
Ilam Raj,27,41145
Ilam Kumar,27,59283
Arun Aravind,45,29226
Kumar Kumar,61,45385
Kumar Kumar,66,67251
Ilanchivam Dharani,22,53755
Arun Santosh,65,98516
Ilam Muthu,70,23210
Anbu Muthu,68,45813
Rajan Dhanesh,32,61442
Ilanchivam Somu,46,72400
Arun Kumar,21,72788
Arun Raj,24,76852
Kadal Nagaraj,44,76493
Anbu Dharani,21,23986
Kumar Dharani,49,85493
Kumar Somu,27,89966
Ilanchivam Nagaraj,43,86512
Kalyanam Kumar,23,80288
Ilanchivam Kumar,37,74761
Arvam Dharani,30,74208
Ilanchivam Dhanesh,40,54827
Kadal Somu,51,43063
Kanavu Rajan,41,93818
Anbu Aravind,48,72494
Kadal Rajan,28,52417
Ilanchivam Santosh,24,86854
Ilanchivam Dharani,20,69703
Anbu Aravind,66,76454
Ilanchivam Muthu,68,61727
Kumar Muthu,21,25943
Arun Dhanesh,66,55993
Kumar Raj,52,21926
Rajan Somu,22,41671
Kalyanam Muthu,28,41942
Anbu Nagaraj,32,35805
Kadal Raj,58,49029
Kumar Santosh,41,35171
Ilanchivam Nagaraj,48,27585
Anbu Rajan,68,39927
Kanavu Muthu,24,77830
Arun Muthu,47,66861
Kumar Nagaraj,30,43814
Kadal Muthu,59,95290
Arvam Aravind,52,36731
Ilam Muthu,18,82377
Arun Santosh,19,23560
Ilam Rajan,19,57142
Rajan Raj,31,84836
Arun Raj,30,77868
Kanavu Somu,29,36003
Rajan Santosh,47,21127
Kanavu Kumar,70,95821
Kumar Santosh,70,30473
Arvam Dharani,44,34807
Ilam Somu,49,99135
Arun Muthu,63,74639
Ilanchivam Somu,26,38048
Kanavu Dharani,27,33421
Arun Aravind,30,95157
Rajan Rajan,21,29054
Kumar Raj,40,35615
Kadal Dharani,53,69359
Arun Muthu,69,54198
Anbu Dharani,65,47608
Ilam Nagaraj,42,70887
Kumar Muthu,42,25715
Rajan Kumar,49,64684
Kadal Rajan,63,34154
Arvam Aravind,26,25244
Kadal Dharani,55,32661
Kalyanam Nagaraj,51,92990
Ilam Somu,52,31330
Kadal Aravind,69,99281
Ilanchivam Somu,61,72004
Arvam Rajan,28,91565
Ilam Aravind,18,37248
Kanavu Dhanesh,36,72247
Kalyanam Dhanesh,64,44290
Arun Kumar,70,60617
Kalyanam Dhanesh,37,55108
Arvam Rajan,62,68581
Kalyanam Santosh,41,23076
Rajan Kumar,67,61276
Kumar Muthu,23,40742
Arvam Dharani,30,45418
Kalyanam Rajan,51,85739
Kanavu Somu,40,69873
Anbu Dharani,47,89563
Arun Somu,52,21773
Anbu Raj,30,50079
Rajan Muthu,59,46767
Ilanchivam Dharani,44,89994
Kanavu Nagaraj,49,64961
Rajan Kumar,66,67642
Kanavu Aravind,44,22416
Kadal Kumar,50,72502
Kanavu Santosh,70,74390
Arun Somu,39,41848
Kadal Rajan,29,87812
Rajan Nagaraj,50,72444
Kadal Raj,26,35660
Ilam Muthu,27,37133
Ilanchivam Muthu,45,21351
Kadal Aravind,57,28072
Kadal Somu,24,87586
Anbu Muthu,25,99901
Anbu Nagaraj,44,85775
Kanavu Dharani,18,60052
Arun Kumar,45,24969
Ilanchivam Dharani,69,84536
Ilanchivam Rajan,31,51434
Arun Dhanesh,32,40259
Anbu Dhanesh,68,37754
Arun Aravind,22,91284
Rajan Dhanesh,26,42423
Anbu Dhanesh,52,41879
Ilam Raj,28,67522
Anbu Muthu,61,73613
Anbu Santosh,45,67394
Kumar Muthu,52,65652
Ilanchivam Santosh,38,80329
Anbu Dharani,23,57524
Arvam Muthu,55,57141
Rajan Raj,52,29578
Rajan Dhanesh,22,29568
Kadal Dharani,70,20791
Anbu Rajan,43,64208
Arun Aravind,51,73120
Kanavu Rajan,57,53458
Ilanchivam Somu,66,62193
Kanavu Raj,64,77196
Ilam Rajan,36,37182
Rajan Somu,19,65308
Kadal Nagaraj,30,79163
Kanavu Kumar,59,53181
Arvam Raj,34,41136
Anbu Muthu,39,70255
Arvam Rajan,27,24707
Ilanchivam Aravind,37,27498
Ilanchivam Muthu,59,28351
Ilanchivam Santosh,37,57123
Kalyanam Somu,35,67277
Anbu Dharani,45,91222
Ilam Aravind,64,56122
Anbu Dhanesh,70,54221
Anbu Dharani,18,28494
Ilam Somu,42,96038
Rajan Santosh,62,82872
Arun Aravind,41,21786
Kalyanam Santosh,20,56286
Ilanchivam Muthu,66,84807
Kalyanam Rajan,33,42211
Arvam Dhanesh,25,54831
Anbu Kumar,49,97227
Ilanchivam Dhanesh,53,22863
Rajan Dhanesh,37,36721
Rajan Dhanesh,50,41609
Kadal Rajan,33,83951
Kanavu Dharani,69,47986
Kumar Muthu,46,87692
Ilam Dhanesh,34,52995
Kanavu Aravind,40,66968
Arvam Rajan,21,29759
Anbu Muthu,40,70721
Kalyanam Rajan,43,90032
Kadal Somu,45,43147
Arvam Somu,23,47428
Kumar Dhanesh,31,69602
Ilam Nagaraj,42,73512
Arun Aravind,27,32555
Ilam Somu,43,47937
Ilanchivam Dhanesh,50,58322
Kadal Dharani,20,34822
Kalyanam Santosh,39,29929
Anbu Muthu,44,87720
Arun Dhanesh,69,49666
Kanavu Dharani,65,73350
Kumar Somu,54,48087
Rajan Raj,35,42207
Kalyanam Dhanesh,28,64345
Kanavu Dhanesh,64,70804
Ilanchivam Muthu,52,72512
Kalyanam Muthu,24,57796
Kalyanam Raj,42,97088
Kanavu Raj,49,99770
Arun Rajan,32,55686
Anbu Nagaraj,57,29349
Kadal Aravind,55,38634
Rajan Rajan,50,65262
Rajan Muthu,27,99126
Arun Dhanesh,20,89339
Kalyanam Santosh,32,25506
Kumar Somu,30,69696
Rajan Somu,63,86764
Kumar Santosh,21,53077
Arvam Santosh,61,36427
Arvam Muthu,49,28454
Kumar Kumar,34,20202
Rajan Nagaraj,32,63835
Arun Kumar,66,24604
Kumar Kumar,51,38063
Anbu Dharani,66,27519
Anbu Somu,22,93041
Arvam Dharani,25,81315
Arun Muthu,52,81077
Ilanchivam Kumar,31,38091
Arun Kumar,50,71771
Arun Muthu,21,52751
Arun Dharani,24,72100
Arvam Dhanesh,22,77625
Arun Rajan,28,74002
Kadal Muthu,63,24227
Rajan Rajan,38,47563
Kalyanam Nagaraj,28,68274
Arvam Somu,44,56484
Rajan Nagaraj,39,39649
Arun Santosh,25,61261
Kumar Rajan,41,48466
Arun Kumar,37,33979
Arun Aravind,26,96438
Ilanchivam Dhanesh,50,28673
Ilam Muthu,52,87940
Kumar Aravind,23,34212
Ilanchivam Rajan,63,91199
Kadal Somu,33,32445
Kadal Raj,23,22210
Kadal Dhanesh,18,49957
Kanavu Somu,24,46433
Arvam Aravind,36,88095
Ilanchivam Rajan,37,45451
Arun Raj,34,51009
Kadal Kumar,47,83027
Kanavu Somu,56,57479
Anbu Somu,70,50228
Ilam Nagaraj,22,90476
Rajan Santosh,30,53779
Kanavu Dhanesh,22,91238
Ilanchivam Raj,65,51846
Kalyanam Kumar,22,58688
Anbu Dharani,22,80153
Arvam Kumar,20,33434
Kadal Somu,66,49710
Ilam Rajan,38,74566
Arvam Kumar,52,98747
Kalyanam Dhanesh,19,47065
Arvam Muthu,26,97082
Kadal Muthu,65,67218
Rajan Somu,47,43927
Kanavu Dhanesh,68,69083
Arvam Dharani,44,39600
Ilam Kumar,52,80377
Anbu Rajan,67,76056
Ilanchivam Dharani,65,49524
Ilam Raj,66,59491
Ilanchivam Muthu,34,48050
Rajan Dharani,42,92806
Kanavu Nagaraj,53,52769
Kumar Santosh,58,43855
Kumar Somu,27,33463
Arvam Dharani,52,80078
Kanavu Dhanesh,56,36817
Kadal Aravind,26,40513
Arun Muthu,43,56940
Kanavu Kumar,36,93720
Kanavu Nagaraj,42,23985
Kadal Rajan,66,59207
Ilanchivam Muthu,70,57536
Arvam Rajan,50,27734
Arun Dhanesh,52,83168
Anbu Kumar,48,43976
Kadal Somu,35,98922
Rajan Raj,35,87930
Arvam Aravind,42,60258
Kanavu Nagaraj,20,77942
Kumar Somu,26,63154
Kalyanam Kumar,30,75569
Rajan Dharani,27,50145
Kumar Somu,33,42235
Kadal Nagaraj,21,22790
Kanavu Dhanesh,37,94940
Kumar Aravind,46,65647
Anbu Muthu,57,88483
Rajan Kumar,47,27049
Kumar Dharani,21,29861
Arun Dhanesh,54,90212
Kumar Dhanesh,40,21316
Kanavu Raj,24,37516
Ilam Nagaraj,28,47516
Kanavu Somu,69,45274
Ilam Rajan,49,27132
Rajan Nagaraj,19,70196
Kumar Nagaraj,52,71668
Arun Somu,46,25883
Ilanchivam Santosh,30,79817
Kalyanam Kumar,35,85810
Arun Raj,33,95609
Ilanchivam Raj,28,56048
Anbu Nagaraj,41,77690
Anbu Kumar,24,86096
Kanavu Somu,61,46389
Ilanchivam Kumar,59,52616
Arun Kumar,69,65050
Arvam Muthu,34,28147
Ilam Nagaraj,18,92490
Arvam Santosh,46,82849
Ilanchivam Aravind,64,47696
Arun Aravind,21,83805
Anbu Dhanesh,56,39913
Kalyanam Raj,26,22560
Kadal Dhanesh,57,56181
Kanavu Raj,44,89299
Arun Dharani,65,68726
Arvam Raj,22,42953
Anbu Raj,24,83631
Anbu Rajan,24,60688
Arun Muthu,54,68988
Kumar Kumar,64,93431
Ilanchivam Muthu,34,32089
Kanavu Muthu,67,65657
Kadal Kumar,67,42866
Ilanchivam Rajan,65,99208
Rajan Muthu,62,46720
Arun Rajan,25,99749
Arun Nagaraj,32,38883
Ilam Somu,34,31347
Kadal Rajan,34,93955
Kalyanam Somu,29,94641
Arvam Rajan,46,69942
Kalyanam Raj,57,31623
Kumar Muthu,36,92612
Anbu Dharani,35,90308
Ilanchivam Rajan,20,54134
Kumar Nagaraj,28,43577
Ilam Nagaraj,57,27778
Kadal Nagaraj,59,84243
Ilanchivam Santosh,60,43696
Kadal Kumar,69,56544
Arun Kumar,65,77065
Kanavu Dharani,52,52487
Arun Raj,35,23723
Rajan Dhanesh,32,86458
Arun Nagaraj,27,28103
Ilanchivam Santosh,60,88116
Kadal Muthu,69,24631
Ilanchivam Kumar,52,53422
Kumar Nagaraj,65,27354
Arvam Aravind,66,91459
Kumar Kumar,60,85860
Anbu Somu,23,64654
Arvam Kumar,18,75876
Kalyanam Santosh,20,92551
Kalyanam Santosh,40,88015
Arun Dhanesh,55,57591
Kalyanam Dhanesh,52,98308
Rajan Santosh,59,66607
Anbu Somu,42,57899
Kanavu Dharani,21,90150
Kadal Muthu,48,20471
Anbu Somu,28,52940
Kanavu Somu,49,38372
Kalyanam Kumar,66,78805
Ilam Raj,58,91081
Arvam Santosh,40,81299
Kumar Muthu,27,23479
Anbu Dhanesh,24,58192
Arvam Muthu,32,74119
Kanavu Aravind,57,34731
Anbu Dharani,32,57266
Kadal Muthu,20,42357
Kalyanam Dhanesh,63,23215
Kumar Nagaraj,25,53421
Kadal Rajan,39,28977
Ilanchivam Muthu,48,89523
Arvam Kumar,18,65157
Ilam Dharani,53,20939
Rajan Santosh,69,77027
Rajan Raj,52,94037
Ilanchivam Santosh,62,49865
Rajan Aravind,31,84412
Ilanchivam Nagaraj,69,33968
Kumar Rajan,40,48579
Ilanchivam Nagaraj,52,34294
Kadal Muthu,40,62256
Kalyanam Muthu,60,52312
Kalyanam Raj,18,20210
Ilam Santosh,55,28233
Anbu Nagaraj,42,69072
Rajan Dhanesh,22,96162
Ilanchivam Dhanesh,68,82104
Arun Nagaraj,51,51945
Kumar Muthu,23,70658
Ilam Muthu,20,55698
Anbu Aravind,25,38221
Ilanchivam Aravind,41,81623
Ilanchivam Nagaraj,64,70141
Anbu Kumar,34,51854
Arvam Rajan,42,27723
Arvam Kumar,29,27031
Arun Somu,61,81427
Arun Aravind,24,74309
Ilam Kumar,66,44884
Arvam Nagaraj,54,64121
Rajan Santosh,26,95764
Kadal Rajan,62,98697
Kanavu Aravind,20,88134
Ilanchivam Muthu,59,41351
Kumar Nagaraj,32,98248
Kalyanam Dhanesh,57,43146
Kumar Raj,43,34493
Ilanchivam Dhanesh,52,97904
Ilam Aravind,18,59216
Kumar Kumar,45,27281
Rajan Aravind,19,92637
Kanavu Somu,43,56634
Kalyanam Dhanesh,29,99241
Ilam Raj,66,62760
Kanavu Aravind,61,28193
Anbu Dhanesh,61,51123
Kanavu Dharani,42,28736
Arvam Dharani,37,58043
Anbu Somu,47,84140
Anbu Muthu,63,88462
Arvam Rajan,46,98901
Kumar Nagaraj,53,27386
Arvam Kumar,64,56571
Ilam Rajan,63,56943
Arvam Dhanesh,58,51855
Rajan Kumar,41,23073
Kalyanam Santosh,51,82471
Arun Aravind,49,73699
Anbu Muthu,37,36798
Ilam Raj,59,29624
Ilanchivam Santosh,48,71646
Arun Nagaraj,30,98535
Ilam Santosh,58,21361
Ilam Dhanesh,33,39812
Ilanchivam Dhanesh,59,52440
Arvam Dharani,50,84655
Rajan Raj,37,64702
Kumar Muthu,28,23446
Ilanchivam Kumar,23,62265
Kumar Rajan,35,60747
Kumar Muthu,38,83012
Ilam Rajan,35,98730
Ilam Muthu,64,21785
Anbu Muthu,26,20154
Kalyanam Rajan,38,90013
Ilam Dhanesh,29,30678
Ilam Kumar,54,99870
Arun Raj,48,81475
Arun Santosh,44,51139
Anbu Rajan,58,34516
Kalyanam Rajan,29,70186
Ilanchivam Nagaraj,62,95785
Arun Rajan,47,57895
Ilam Nagaraj,50,49067
Kalyanam Somu,45,32053
Arun Somu,43,85990
Kanavu Raj,35,36513
Anbu Muthu,70,90416
Ilanchivam Kumar,21,91852
Ilanchivam Aravind,46,38104
Kumar Nagaraj,50,92213
Anbu Nagaraj,42,23993
Anbu Kumar,21,40206
Kadal Kumar,53,24853
Arvam Rajan,18,89965
Anbu Dhanesh,25,38644
Arun Dharani,53,80274
Kadal Muthu,58,44890
Ilanchivam Nagaraj,53,50859
Ilam Rajan,47,42414
Kumar Dharani,53,57707
Rajan Aravind,26,72372
Arvam Aravind,30,22455
Arun Nagaraj,24,57588
Anbu Somu,50,75668
Ilanchivam Aravind,32,73819
Ilam Nagaraj,26,32736
Rajan Raj,30,72411
Anbu Dharani,34,61704
Anbu Nagaraj,36,26397
Anbu Dharani,18,36067
Kalyanam Santosh,55,70956
Kadal Santosh,45,51141
Anbu Muthu,30,92128
Arun Somu,67,67825
Ilam Kumar,54,77603
Kadal Dhanesh,43,27487
Kumar Dharani,46,72301
Arun Dhanesh,69,78362
Rajan Muthu,52,37637
Kumar Rajan,26,21713
Kumar Rajan,46,84742
Anbu Dharani,53,80575
Kadal Santosh,70,49834
Ilam Dharani,28,58511
Kadal Aravind,47,88355
Kalyanam Raj,63,43498
Rajan Muthu,31,40290
Kadal Dhanesh,29,99948
Arun Somu,54,49182
Ilanchivam Rajan,66,52530
Kanavu Dhanesh,64,21032
Kumar Rajan,32,72210
Kalyanam Dhanesh,70,50160
Ilam Santosh,32,81922
Rajan Raj,38,24379
Rajan Nagaraj,21,54672
Anbu Santosh,66,97468
Kalyanam Aravind,43,20028
Arvam Dharani,34,72218
Anbu Rajan,26,97017
Arun Raj,52,35042
Kumar Nagaraj,36,28702
Kumar Aravind,26,51775
Ilam Aravind,43,52192
Arvam Somu,20,88719
Arvam Dhanesh,41,44955
Arun Nagaraj,33,21858
Ilanchivam Kumar,26,85313
Kalyanam Muthu,60,27401
Arvam Dharani,61,85947
Rajan Muthu,38,35453
Arun Rajan,24,86116
Arun Kumar,32,58913
Ilanchivam Raj,26,65021
Kalyanam Muthu,49,63767
Ilam Santosh,26,43878
Kanavu Dhanesh,33,67795
Anbu Aravind,44,69089
Arvam Aravind,47,73591
Ilam Muthu,21,36994
Anbu Raj,33,48288
Kanavu Nagaraj,33,90372
Ilam Rajan,20,25792
Arun Santosh,51,70806
Arun Santosh,18,48361
Kadal Dharani,45,66037
Kanavu Dhanesh,67,91240
Kadal Somu,56,62118
Kadal Dharani,51,43831
Anbu Muthu,30,95624
Kanavu Aravind,52,79091
Ilam Raj,34,57296
Kalyanam Muthu,34,83538
Ilanchivam Dhanesh,33,43558
Kalyanam Kumar,26,58703
Ilanchivam Somu,26,88186
Kumar Rajan,35,91730
Kadal Aravind,33,37484
Kadal Raj,38,75059
Kanavu Kumar,46,63123
Ilanchivam Muthu,38,20644
Ilam Rajan,29,99724
Rajan Aravind,34,85423
Rajan Aravind,36,48251
Kalyanam Muthu,70,67283
Rajan Somu,23,76576
Kalyanam Somu,30,23974
Kanavu Santosh,50,23317
Anbu Nagaraj,31,68371
Anbu Dharani,32,27597
Rajan Santosh,50,54191
Kanavu Santosh,67,66236
Arvam Raj,38,53523
Kumar Dhanesh,66,72794
Arun Somu,27,96128
Arvam Dharani,24,63688
Rajan Raj,38,29880
Arun Aravind,45,79051
Kanavu Raj,36,92976
Kalyanam Santosh,38,88588
Kalyanam Raj,32,75224
Arvam Dhanesh,54,67002
Kanavu Dharani,26,87701
Ilam Santosh,61,94459
Rajan Somu,59,53563
Kanavu Rajan,47,60825
Rajan Aravind,49,63543
Rajan Aravind,51,85057
Arun Dhanesh,22,84516
Rajan Aravind,38,34521
Ilam Dharani,46,89333
Kumar Aravind,40,49203
Arvam Somu,47,91385
Kumar Dhanesh,43,41854
Anbu Dharani,65,73541
Arun Rajan,48,91736
Anbu Aravind,27,99375
Kumar Muthu,50,90427
Arvam Muthu,59,64607
Kanavu Aravind,37,66662
Kalyanam Nagaraj,28,74689
Kadal Santosh,32,38971
Kadal Raj,48,98742
Arun Muthu,25,75904
Kalyanam Rajan,69,93600
Arvam Muthu,57,52290
Anbu Raj,21,97659
Kadal Raj,62,21584
Kanavu Nagaraj,43,88110
Kadal Nagaraj,68,92800
Ilam Kumar,67,65653
Anbu Somu,36,86914
Ilanchivam Santosh,54,90332
Kanavu Aravind,35,62938
Ilanchivam Somu,58,96573
Kalyanam Raj,22,38376
Kumar Dharani,55,29406
Kalyanam Nagaraj,68,61172
Kanavu Santosh,23,86496
Kanavu Aravind,38,27905
Anbu Nagaraj,30,79479
Ilanchivam Santosh,28,57464
Kumar Muthu,48,98221
Anbu Aravind,67,36643
Kalyanam Raj,49,60918
Anbu Kumar,46,73079
Kalyanam Dharani,57,52212
Kadal Rajan,70,56943
Kumar Dhanesh,70,48050
Kumar Muthu,24,84701
Anbu Dharani,38,90975
Arun Dhanesh,66,73836
Arvam Aravind,47,59143
Arvam Rajan,41,77554
Anbu Rajan,60,85248
Ilanchivam Dhanesh,69,43273
Ilanchivam Muthu,68,47672
Kadal Dharani,20,64439
Ilam Raj,60,61748
Anbu Rajan,34,36572
Rajan Somu,41,91122
Anbu Kumar,47,26428
Ilanchivam Muthu,21,31527
Ilam Raj,34,75457
Ilam Aravind,57,55296
Rajan Rajan,58,49125
Arvam Somu,29,67457
Anbu Rajan,27,61652
Kadal Santosh,34,50330
Ilanchivam Muthu,27,77816
Arun Rajan,53,32699
Kumar Rajan,53,61462
Kadal Rajan,58,69304
Ilam Raj,52,71341
Kalyanam Nagaraj,57,89199
Arun Somu,28,59109
Arun Raj,58,35553
Ilam Aravind,53,84714
Ilam Raj,36,59441
Kumar Aravind,49,40480
Kumar Somu,31,90484
Arvam Rajan,63,34825
Kanavu Rajan,39,25491
Kadal Aravind,21,52987
Arvam Aravind,38,54188
Ilam Nagaraj,59,58989
Kumar Raj,21,24405
Ilam Aravind,54,74703
Ilanchivam Dhanesh,49,52907
Anbu Raj,56,63940
Kalyanam Dhanesh,62,58739
Rajan Rajan,51,67873
Ilam Raj,66,56387
Kalyanam Rajan,41,74727
Kadal Aravind,41,95425
Ilanchivam Dhanesh,31,50136
Anbu Nagaraj,50,78913
Arun Muthu,61,97986
Kadal Raj,62,49343
Kadal Santosh,29,53860
Ilanchivam Somu,54,29589
Arvam Dharani,63,36814
Arun Santosh,58,37450
Kanavu Kumar,37,43392
Ilanchivam Aravind,19,22390
Rajan Aravind,53,96589
Kumar Aravind,58,29856
Anbu Muthu,33,88217
Kalyanam Santosh,21,34899
Kumar Rajan,26,50123
Arvam Dharani,19,80252
Kadal Kumar,69,26730
Anbu Dhanesh,42,87027
Arvam Nagaraj,48,24373
Rajan Somu,25,29824
Ilam Nagaraj,33,31849
Kadal Rajan,21,85054
Arvam Somu,66,55297
Rajan Muthu,67,68797
Kanavu Somu,22,95285
Kalyanam Muthu,22,50576
Rajan Aravind,46,87151
Anbu Dharani,69,61332
Kumar Santosh,44,43272
Ilanchivam Rajan,57,49932
Ilam Nagaraj,30,28450
Anbu Aravind,48,93929
Anbu Nagaraj,53,60444
Kanavu Aravind,69,46473
Kumar Somu,39,55976
Ilam Dharani,32,98631
Rajan Santosh,59,34169
Kanavu Santosh,68,77622
Arun Somu,70,71747
Kumar Dhanesh,55,55106
Kanavu Somu,70,88181
Ilam Raj,55,95131
Kanavu Rajan,38,39349
Rajan Raj,27,24517
Kumar Santosh,54,64243
Kalyanam Rajan,44,96017
Ilanchivam Muthu,49,63698
Kadal Kumar,39,46366
Rajan Dhanesh,56,68380
Kumar Aravind,69,32079
Ilam Somu,36,31297
Kadal Muthu,53,92578
Kadal Somu,26,41232
Kumar Nagaraj,40,78404
Arun Kumar,54,32609
Ilanchivam Santosh,68,34830
Kumar Dharani,39,51244
Arvam Rajan,32,76364
Anbu Muthu,65,29041
Kumar Dharani,69,80051
Kadal Dhanesh,24,37614
Kanavu Rajan,22,73432
Anbu Nagaraj,53,63973
Arvam Dharani,68,34832
Kadal Rajan,33,51287
Ilam Dharani,39,37691
Arvam Dharani,59,49353
Arvam Somu,56,99427
Rajan Nagaraj,45,82230
Kadal Raj,58,92863
Ilam Somu,61,35089
Anbu Rajan,22,70172
Rajan Nagaraj,67,27989
Ilanchivam Dhanesh,53,79044
Arvam Raj,60,98358
Rajan Muthu,22,66331
Kadal Somu,65,83643
Arun Somu,26,92988
Arun Muthu,18,78551
Kumar Raj,22,54734
Kadal Dhanesh,52,21221
Rajan Raj,66,52995
Kumar Dhanesh,60,77880
Arun Santosh,64,21160
Ilam Aravind,53,42371
Kalyanam Muthu,58,63175
Kalyanam Dharani,70,66061
Ilam Rajan,44,80207
Rajan Nagaraj,69,66604
Kalyanam Aravind,45,68229
Kanavu Somu,64,49108
Ilanchivam Aravind,33,30620
Kadal Nagaraj,67,49783
Kalyanam Nagaraj,41,22988
Kumar Somu,57,70544
Arvam Raj,40,28170
Kalyanam Nagaraj,61,27665
Kumar Kumar,47,88529
Kalyanam Kumar,48,23978
Arvam Rajan,19,58003
Rajan Kumar,70,86242
Rajan Raj,70,67453
Kadal Raj,59,24964
Arun Nagaraj,20,35112
Kanavu Raj,49,30373
Arvam Kumar,23,44267
Arvam Aravind,40,73867
Kanavu Raj,61,85045
Kalyanam Somu,32,36307
Ilam Somu,26,55308
Kumar Dharani,67,64825
Arvam Santosh,32,51911
Ilam Somu,55,82976
Kanavu Muthu,68,45217
Kalyanam Aravind,18,75393
Kadal Santosh,60,80241
Ilam Dharani,37,54613
Rajan Santosh,49,32712
Kadal Aravind,47,97805
Kadal Somu,30,90552
Kalyanam Muthu,33,74198
Kanavu Rajan,54,23653
Ilanchivam Raj,70,80407
Ilam Muthu,25,56090
Kalyanam Aravind,28,67292
Kadal Aravind,34,49861
Kadal Nagaraj,65,28574
Kadal Kumar,39,60897
Kadal Raj,34,70723
Kalyanam Aravind,49,66338
Anbu Muthu,25,94155
Arun Aravind,50,65032
Anbu Somu,53,28804
Kalyanam Somu,66,56813
Anbu Rajan,24,91694
Arvam Nagaraj,49,23430
Kanavu Dharani,66,77412
Arun Aravind,28,88246
Arvam Aravind,34,67391
Ilam Muthu,19,90326
Rajan Raj,42,57145
Arun Raj,47,58931
Arvam Rajan,40,97011
Anbu Nagaraj,53,58875
Ilam Nagaraj,68,82492
Anbu Kumar,44,99163
Kumar Dharani,51,23531
Kalyanam Dhanesh,47,44080
Rajan Dhanesh,55,44839
Anbu Aravind,65,23096
Kanavu Rajan,25,77113
Anbu Aravind,48,65575
Arvam Dharani,33,33317
Ilanchivam Santosh,35,39251
Kadal Muthu,24,97524
Arun Muthu,53,49656
Ilam Dharani,33,55560
Rajan Nagaraj,27,55070
Kumar Raj,65,87680
Arun Nagaraj,31,41217
Kadal Somu,49,66539
Kalyanam Dharani,42,33282
Ilanchivam Raj,23,98624
Kadal Nagaraj,48,70721
Arvam Dhanesh,22,38220
Arun Kumar,66,45136
Ilam Aravind,40,60215
Kadal Nagaraj,65,99748
Arun Somu,21,34023
Rajan Muthu,22,93995
Kalyanam Kumar,49,26772
Arvam Muthu,59,59735
Rajan Dhanesh,53,23008
Anbu Aravind,57,94442
Kalyanam Somu,25,62166
Kalyanam Kumar,23,46255
Kumar Somu,59,94688
Ilanchivam Dhanesh,18,58611
Anbu Dharani,25,75029
Arun Aravind,27,23404
Rajan Santosh,22,50391
Ilam Rajan,56,32284
Ilam Nagaraj,67,46717
Anbu Rajan,64,87277
Arun Rajan,64,50307
Ilam Somu,35,34170
Kanavu Nagaraj,47,60458
Arvam Dharani,18,38985
Rajan Nagaraj,43,98263
Kalyanam Dhanesh,57,46806
Arvam Muthu,49,37379
Anbu Muthu,40,35194
Kumar Aravind,26,41222
Kalyanam Rajan,28,76336
Ilanchivam Somu,70,61383
Arvam Santosh,43,82011
Kumar Aravind,52,47060
Anbu Somu,55,25796
Arun Santosh,52,81410
Rajan Santosh,53,36279
Kumar Dhanesh,27,55270
Arvam Aravind,41,42522
Kadal Rajan,52,78744
Arvam Raj,64,48232
Arun Muthu,60,39309
Anbu Kumar,61,28996
Arun Kumar,18,76060
Rajan Aravind,44,62826
Kumar Muthu,43,49514
Kumar Kumar,49,30943
Arun Dhanesh,20,29427
Kumar Raj,53,55770
Arun Muthu,30,82015
Ilanchivam Raj,64,32888
Arvam Somu,37,73064
Ilam Aravind,70,66117
Kadal Nagaraj,19,23900
Rajan Dhanesh,25,92222
Rajan Somu,54,39622
Ilanchivam Dhanesh,52,28184
Arun Nagaraj,49,25763
Kumar Santosh,29,82351
Ilam Santosh,62,35217
Arvam Dhanesh,66,34602
Kadal Aravind,70,29860
Rajan Dharani,20,84072
Arun Muthu,30,95593
Ilam Aravind,23,63544
Arun Santosh,61,83979
Anbu Aravind,51,71338
Kanavu Nagaraj,23,74090
Kalyanam Aravind,28,73905
Kalyanam Dharani,55,99049
Anbu Raj,40,50903
Arvam Muthu,41,73156
Anbu Kumar,41,71931
Rajan Rajan,21,23664
Ilam Rajan,21,90248
Ilam Dhanesh,51,66612
Kadal Dharani,41,60682
Arun Kumar,44,43019
Anbu Muthu,33,62043
Rajan Santosh,34,56595
Rajan Aravind,19,92225
Kalyanam Dharani,51,65224
Kadal Raj,53,37653
Kanavu Nagaraj,63,21589
Kalyanam Dharani,51,68322
Kumar Kumar,28,48304
Arun Kumar,57,80403
Ilam Dharani,46,96537
Rajan Santosh,24,85372
Ilanchivam Dharani,24,84173
Kadal Nagaraj,69,95322
Kalyanam Nagaraj,21,74311
Arvam Dhanesh,48,86818
Kumar Kumar,23,89501
Arvam Dharani,22,99386
Ilam Raj,69,42956
Arvam Kumar,38,95719
Kalyanam Dharani,35,22498
Arvam Raj,22,96955
Kanavu Aravind,52,63056
Kumar Kumar,56,20893
Anbu Kumar,68,81220
Anbu Nagaraj,43,40824
Rajan Dhanesh,25,94253
Ilanchivam Nagaraj,25,51536
Ilam Kumar,45,71848
Anbu Muthu,52,86180
Kalyanam Raj,68,69036
Anbu Muthu,26,47488
Kanavu Kumar,39,77522
Kalyanam Dhanesh,43,39270
Ilanchivam Aravind,58,98837
Kanavu Rajan,67,23259
Kumar Dhanesh,22,96914
Arvam Rajan,18,59627
Arvam Raj,37,56474
Arvam Dharani,41,64452
Arvam Raj,42,68661
Arun Somu,45,53731
Rajan Dhanesh,50,29454
Kumar Dharani,68,47808
Ilanchivam Aravind,39,38518
Kanavu Somu,67,75738
Kadal Santosh,38,52418
Kalyanam Nagaraj,65,57548
Ilanchivam Kumar,26,59469
Ilam Dhanesh,46,78684
Kumar Santosh,42,85881
Arun Dhanesh,62,89439
Arvam Rajan,70,22911
Arun Santosh,24,78851
Kumar Rajan,64,45419
Arun Rajan,24,67568
Kanavu Kumar,33,57731
Anbu Santosh,19,83187
Ilanchivam Santosh,25,58429
Ilam Dharani,49,94878
Rajan Aravind,27,78450
Kalyanam Raj,25,73859
Kadal Dharani,65,28377
Kadal Dharani,32,88821
Arun Muthu,67,96426
Kadal Raj,54,86314
Anbu Aravind,38,51492
Arvam Kumar,19,91423
Kalyanam Rajan,18,73313
